{
    "name": "root",
    "gauges": {
        "Mummy.Policy.Entropy.mean": {
            "value": 1.3433362245559692,
            "min": 1.3433362245559692,
            "max": 1.422778844833374,
            "count": 62
        },
        "Mummy.Policy.Entropy.sum": {
            "value": 6697.87451171875,
            "min": 6250.80712890625,
            "max": 7291.9248046875,
            "count": 62
        },
        "Mummy.Environment.EpisodeLength.mean": {
            "value": 33.54421768707483,
            "min": 31.083333333333332,
            "max": 36.38059701492537,
            "count": 62
        },
        "Mummy.Environment.EpisodeLength.sum": {
            "value": 4931.0,
            "min": 4521.0,
            "max": 5183.0,
            "count": 62
        },
        "Mummy.Step.mean": {
            "value": 309973.0,
            "min": 4972.0,
            "max": 309973.0,
            "count": 62
        },
        "Mummy.Step.sum": {
            "value": 309973.0,
            "min": 4972.0,
            "max": 309973.0,
            "count": 62
        },
        "Mummy.Policy.ExtrinsicValueEstimate.mean": {
            "value": -0.14541956782341003,
            "min": -0.8245326280593872,
            "max": 0.7801891565322876,
            "count": 62
        },
        "Mummy.Policy.ExtrinsicValueEstimate.sum": {
            "value": -21.08583641052246,
            "min": -124.50442504882812,
            "max": 106.10572814941406,
            "count": 62
        },
        "Mummy.Environment.CumulativeReward.mean": {
            "value": -0.8453792415816208,
            "min": -1.5108208247085115,
            "max": -0.6985332687695821,
            "count": 62
        },
        "Mummy.Environment.CumulativeReward.sum": {
            "value": -122.57999002933502,
            "min": -213.43998864293098,
            "max": -103.72999107837677,
            "count": 62
        },
        "Mummy.Policy.ExtrinsicReward.mean": {
            "value": -0.8453792415816208,
            "min": -1.5108208247085115,
            "max": -0.6985332687695821,
            "count": 62
        },
        "Mummy.Policy.ExtrinsicReward.sum": {
            "value": -122.57999002933502,
            "min": -213.43998864293098,
            "max": -103.72999107837677,
            "count": 62
        },
        "Mummy.IsTraining.mean": {
            "value": 1.0,
            "min": 1.0,
            "max": 1.0,
            "count": 62
        },
        "Mummy.IsTraining.sum": {
            "value": 1.0,
            "min": 1.0,
            "max": 1.0,
            "count": 62
        },
        "Mummy.Losses.PolicyLoss.mean": {
            "value": 0.06666593576272857,
            "min": 0.06484286726868534,
            "max": 0.07823667230959114,
            "count": 25
        },
        "Mummy.Losses.PolicyLoss.sum": {
            "value": 0.06666593576272857,
            "min": 0.06484286726868534,
            "max": 0.07823667230959114,
            "count": 25
        },
        "Mummy.Losses.ValueLoss.mean": {
            "value": 0.2744507888424481,
            "min": 0.23164578118631918,
            "max": 0.4763058353189035,
            "count": 25
        },
        "Mummy.Losses.ValueLoss.sum": {
            "value": 0.2744507888424481,
            "min": 0.23164578118631918,
            "max": 0.4763058353189035,
            "count": 25
        },
        "Mummy.Policy.LearningRate.mean": {
            "value": 0.00020972343009219996,
            "min": 0.00020972343009219996,
            "max": 0.0002963835012054999,
            "count": 25
        },
        "Mummy.Policy.LearningRate.sum": {
            "value": 0.00020972343009219996,
            "min": 0.00020972343009219996,
            "max": 0.0002963835012054999,
            "count": 25
        },
        "Mummy.Policy.Epsilon.mean": {
            "value": 0.16990780000000003,
            "min": 0.16990780000000003,
            "max": 0.1987945,
            "count": 25
        },
        "Mummy.Policy.Epsilon.sum": {
            "value": 0.16990780000000003,
            "min": 0.16990780000000003,
            "max": 0.1987945,
            "count": 25
        },
        "Mummy.Policy.Beta.mean": {
            "value": 0.0007020872199999999,
            "min": 0.0007020872199999999,
            "max": 0.00098806555,
            "count": 25
        },
        "Mummy.Policy.Beta.sum": {
            "value": 0.0007020872199999999,
            "min": 0.0007020872199999999,
            "max": 0.00098806555,
            "count": 25
        }
    },
    "metadata": {
        "timer_format_version": "0.1.0",
        "start_time_seconds": "1684735668",
        "python_version": "3.7.2 (tags/v3.7.2:9a3ffc0492, Dec 23 2018, 23:09:28) [MSC v.1916 64 bit (AMD64)]",
        "command_line_arguments": "C:\\Users\\User\\AppData\\Local\\Programs\\Python\\Python37\\Scripts\\mlagents-learn D:\\Github\\2023GameProgramming\\ML-AgentsPractice\\ML-AgentsPractice\\ml-agents-release_17\\ml-agents-release_17\\config\\ppo\\Mummy.yaml --run-id=Mummy_01 --force",
        "mlagents_version": "0.26.0",
        "mlagents_envs_version": "0.26.0",
        "communication_protocol_version": "1.5.0",
        "pytorch_version": "1.7.1+cu110",
        "numpy_version": "1.18.5",
        "end_time_seconds": "1684736156"
    },
    "total": 487.8855787,
    "count": 1,
    "self": 0.010359600000015234,
    "children": {
        "run_training.setup": {
            "total": 0.10764039999999997,
            "count": 1,
            "self": 0.10764039999999997
        },
        "TrainerController.start_learning": {
            "total": 487.7675787,
            "count": 1,
            "self": 0.9421201999965092,
            "children": {
                "TrainerController._reset_env": {
                    "total": 9.1309809,
                    "count": 1,
                    "self": 9.1309809
                },
                "TrainerController.advance": {
                    "total": 477.5734053000035,
                    "count": 41081,
                    "self": 0.4982902000061813,
                    "children": {
                        "env_step": {
                            "total": 477.07511509999733,
                            "count": 41081,
                            "self": 369.9569561999976,
                            "children": {
                                "SubprocessEnvManager._take_step": {
                                    "total": 106.63609340000116,
                                    "count": 41081,
                                    "self": 1.9516314000025972,
                                    "children": {
                                        "TorchPolicy.evaluate": {
                                            "total": 104.68446199999856,
                                            "count": 34978,
                                            "self": 52.852624699998515,
                                            "children": {
                                                "TorchPolicy.sample_actions": {
                                                    "total": 51.831837300000046,
                                                    "count": 34977,
                                                    "self": 51.831837300000046
                                                }
                                            }
                                        }
                                    }
                                },
                                "workers": {
                                    "total": 0.4820654999985745,
                                    "count": 41080,
                                    "self": 0.0,
                                    "children": {
                                        "worker_root": {
                                            "total": 479.19902480000115,
                                            "count": 41080,