{"count":1,"self":154.4791808,"total":480.8043808,"children":{"InitializeActuators":{"count":9,"self":0.0019941,"total":0.0019941,"children":null},"InitializeSensors":{"count":9,"self":0.0019952999999999998,"total":0.0019952999999999998,"children":null},"AgentSendState":{"count":174901,"self":2.1997868,"total":9.5964581999999989,"children":{"CollectObservations":{"count":314829,"self":1.0901368,"total":1.0901368,"children":null},"WriteActionMask":{"count":314829,"self":0.266822,"total":0.266822,"children":null},"RequestDecision":{"count":314829,"self":1.9901555999999998,"total":6.0397127,"children":{"AgentInfo.ToProto":{"count":314829,"self":1.2762457999999999,"total":4.0495570999999995,"children":{"GenerateSensorData":{"count":314829,"self":2.7733111999999998,"total":2.7733113,"children":null}}}}}}},"DecideAction":{"count":174901,"self":313.22595839999997,"total":313.2259565,"children":null},"AgentAct":{"count":174901,"self":3.267035,"total":3.267035,"children":null},"AgentInfo.ToProto":{"count":9271,"self":0.08248599999999999,"total":0.23073,"children":{"GenerateSensorData":{"count":9271,"self":0.148244,"total":0.148244,"children":null}}}},"gauges":{"Mummy.CumulativeReward":{"count":9271,"max":2.32000041,"min":-5.06999826,"runningAverage":-1.11295271,"value":-1.50999975,"weightedAverage":-0.512946069}},"metadata":{"timer_format_version":"0.1.0","start_time_seconds":"1684735675","unity_version":"2021.3.19f1","command_line_arguments":"C:\\Program Files\\Unity\\Hub\\Editor\\2021.3.19f1\\Editor\\Unity.exe -projectpath D:\\Github\\2023GameProgramming\\ML-AgentsPractice\\ML-AgentsPractice -useHub -hubIPC -cloudEnvironment production -licensingIpc LicenseClient-USER -hubSessionId 3ca89300-f831-11ed-9bff-97ff8547c0b1 -accessToken EYQTkGJzQh9p1AFye4yY6WI09xFyPDyntesfO3BSG2o00df","communication_protocol_version":"1.5.0","com.unity.ml-agents_version":"2.0.0","scene_name":"Mummy","end_time_seconds":"1684736156"}}