{"count":1,"self":524.3014144,"total":1464.2179127,"children":{"InitializeActuators":{"count":9,"self":0.0009972,"total":0.0009972,"children":null},"InitializeSensors":{"count":9,"self":0.0019621,"total":0.0019621,"children":null},"AgentSendState":{"count":405101,"self":30.2278624,"total":55.9475051,"children":{"CollectObservations":{"count":729189,"self":3.4384143999999996,"total":3.4384145999999998,"children":null},"WriteActionMask":{"count":729189,"self":0.7966845,"total":0.7966845,"children":null},"RequestDecision":{"count":729189,"self":5.3566455999999993,"total":21.484542899999997,"children":{"AgentInfo.ToProto":{"count":729189,"self":3.0298209999999997,"total":16.1278971,"children":{"GenerateSensorData":{"count":729189,"self":11.2488016,"total":13.0980761,"children":{"RayPerceptionSensor.Perceive":{"count":729189,"self":1.8492747999999999,"total":1.8492747999999999,"children":null}}}}}}}}},"DecideAction":{"count":405101,"self":862.88476159999993,"total":862.88475169999992,"children":null},"AgentAct":{"count":405101,"self":21.0539584,"total":21.0710582,"children":{"AgentInfo.ToProto":{"count":592,"self":0.0029605,"total":0.017099299999999998,"children":{"GenerateSensorData":{"count":592,"self":0.0141338,"total":0.0141388,"children":{"RayPerceptionSensor.Perceive":{"count":592,"self":4.9999999999999996E-06,"total":4.9999999999999996E-06,"children":null}}}}}}},"AgentInfo.ToProto":{"count":229,"self":0.0019844999999999997,"total":0.0092398999999999988,"children":{"GenerateSensorData":{"count":229,"self":0.0049818,"total":0.0072553999999999995,"children":{"RayPerceptionSensor.Perceive":{"count":229,"self":0.0022735999999999998,"total":0.0022735999999999998,"children":null}}}}}},"gauges":{"Penguin.CumulativeReward":{"count":821,"max":7.750112,"min":-0.99994123,"runningAverage":3.8278358,"value":7.4631505,"weightedAverage":6.779043}},"metadata":{"timer_format_version":"0.1.0","start_time_seconds":"1684134914","unity_version":"2021.3.19f1","command_line_arguments":"C:\\Program Files\\Unity\\Hub\\Editor\\2021.3.19f1\\Editor\\Unity.exe -projectpath D:\\Github\\2023GameProgramming\\ML-AgentsPractice\\ML-AgentsPractice -useHub -hubIPC -cloudEnvironment production -licensingIpc LicenseClient-USER -hubSessionId 9f30b610-f2dc-11ed-adf3-738b9afb5a26 -accessToken s6fKin49twmwibIUTGFOcy_Lc1J3EpmicxFEt3P5bYQ00df","communication_protocol_version":"1.5.0","com.unity.ml-agents_version":"2.0.0","scene_name":"Penguin","end_time_seconds":"1684136378"}}